﻿<?xml version="1.0" encoding="utf-8"?>
<deployment>
  <id>3e39fd93-088a-489e-b403-c906b31310ad</id>
  <author>N/A</author>
  <deployer>OneDeploy</deployer>
  <authorEmail>N/A</authorEmail>
  <message>OneDeploy</message>
  <progress></progress>
  <status>Success</status>
  <statusText></statusText>
  <lastSuccessEndTime>2025-09-18T07:34:44.9999284Z</lastSuccessEndTime>
  <receivedTime>2025-09-18T07:32:04.5691689Z</receivedTime>
  <startTime>2025-09-18T07:32:06.3151449Z</startTime>
  <endTime>2025-09-18T07:34:44.9999284Z</endTime>
  <complete>True</complete>
  <is_temp>False</is_temp>
  <is_readonly>True</is_readonly>
  <buildSummary />
</deployment>