﻿<?xml version="1.0" encoding="utf-8"?>
<deployment>
  <id>7907d4d7-9d0a-4cc3-92fe-86e626a25d67</id>
  <author>N/A</author>
  <deployer>OneDeploy</deployer>
  <authorEmail>N/A</authorEmail>
  <message>OneDeploy</message>
  <progress></progress>
  <status>Success</status>
  <statusText></statusText>
  <lastSuccessEndTime>2025-09-18T07:55:17.6789232Z</lastSuccessEndTime>
  <receivedTime>2025-09-18T07:51:50.4350165Z</receivedTime>
  <startTime>2025-09-18T07:51:52.5300774Z</startTime>
  <endTime>2025-09-18T07:55:17.6789232Z</endTime>
  <complete>True</complete>
  <is_temp>False</is_temp>
  <is_readonly>True</is_readonly>
  <buildSummary />
</deployment>