﻿<?xml version="1.0" encoding="utf-8"?>
<deployment>
  <id>489a236f-92d2-4b4e-a585-279a5d47e77f</id>
  <author>N/A</author>
  <deployer>OneDeploy</deployer>
  <authorEmail>N/A</authorEmail>
  <message>OneDeploy</message>
  <progress></progress>
  <status>Success</status>
  <statusText></statusText>
  <lastSuccessEndTime>2025-09-18T07:40:41.8073541Z</lastSuccessEndTime>
  <receivedTime>2025-09-18T07:38:40.0077445Z</receivedTime>
  <startTime>2025-09-18T07:38:41.5198708Z</startTime>
  <endTime>2025-09-18T07:40:41.8073541Z</endTime>
  <complete>True</complete>
  <is_temp>False</is_temp>
  <is_readonly>True</is_readonly>
  <buildSummary />
</deployment>