<step title="BackgroundTrace" date="2025-09-18T07:31:42.575" instance="dc7a13" url="/api/publish" method="POST" >
  <step title="Cleanup Xml Logs" date="2025-09-18T07:31:42.580" /><!-- duration: 17ms -->
  <step title="Creating temporary deployment - FetchDeploymentManager" date="2025-09-18T07:31:42.755" /><!-- duration: 3ms -->
  <step title="Creating temporary deployment" date="2025-09-18T07:31:42.763" /><!-- duration: 127ms -->
  <step title="Performing fetch based deployment" date="2025-09-18T07:31:43.119" >
    <step title="Cleaning up temp folders from previous zip deployments and extracting pushed zip file /tmp/zipdeploy/716b6fa5-492e-47c0-8caf-c11d176ef4a4.zip (215.23 MB) to /tmp/zipdeploy/extracted" date="2025-09-18T07:31:45.044" >
      <step title="ChmodRecursive Process exited with total time taken in ms: 232" date="2025-09-18T07:32:02.183" /><!-- duration: 19ms -->
    </step><!-- duration: 17200ms -->
    <step title="Deployment timer started" date="2025-09-18T07:32:04.316" >
      <step title="DeploymentManager.Deploy(id:3e39fd93-088a-489e-b403-c906b31310ad)" date="2025-09-18T07:32:04.349" >
        <step title="Collecting changeset information" date="2025-09-18T07:32:04.446" /><!-- duration: 242ms -->
        <step title="Updating submodules" date="2025-09-18T07:32:04.717" /><!-- duration: 1246ms -->
        <step title="Determining deployment builder" date="2025-09-18T07:32:06.408" >
          <step title="Builder is OneDeployBuilder" date="2025-09-18T07:32:06.441" /><!-- duration: 8ms -->
        </step><!-- duration: 51ms -->
        <step title="PreDeployment: context.CleanOutputPath False" date="2025-09-18T07:32:06.514" >
          <step title="PreDeployment: context.OutputPath /home/site/wwwroot" date="2025-09-18T07:32:06.651" >
            <step title="Building" date="2025-09-18T07:32:06.854" >
              <step title="Executing external process" date="2025-09-18T07:32:07.426" type="process" path="starter.sh" arguments="/opt/Kudu/Scripts/parallel_rsync.sh /tmp/zipdeploy/extracted /home/site/wwwroot 8 /tmp/ False False  " >
                <step title="Cpu: rsync(1026,0.650s)+rsync(1018,0.000s)+rsync(1002,1.880s)+bash(999,0.000s)+rsync(1016,0.610s)+rsync(1013,0.000s)+rsync(1006,1.910s)+bash(1000,0.010s)+rsync(1020,0.550s)+rsync(1014,0.010s)+rsync(1010,1.830s)+bash(1003,0.010s)+rsync(1024,0.580s)+rsync(1023,0.000s)+rsync(1021,1.930s)+bash(1008,0.010s)+rsync(1025,0.670s)+rsync(1022,0.000s)+rsync(1019,2.160s)+bash(1015,0.000s)+xargs(994,0.010s)+parallel_rsync.sh(986,0.050s)=total(12.870s)" date="2025-09-18T07:33:21.495" /><!-- duration: 61ms -->
                <step title="starter.sh: no io activity for 61s, prev-cpu=-1.000s, current-cpu=12.870s" date="2025-09-18T07:33:21.604" /><!-- duration: 33ms -->
              </step><!-- duration: 156255ms -->
              <step title="Modified file to trigger a restart of the app container." date="2025-09-18T07:34:44.361" /><!-- duration: 18ms -->
              <step title="Skip function trigger and logicapp sync because function is not enabled." date="2025-09-18T07:34:44.430" /><!-- duration: 13ms -->
            </step><!-- duration: 158852ms -->
          </step><!-- duration: 159094ms -->
          <step title="Cleaning up temp files" date="2025-09-18T07:34:45.756" /><!-- duration: 47ms -->
          <step title="Cleaning up temp files" date="2025-09-18T07:34:45.826" /><!-- duration: 581ms -->
          <step title="Reloading status file with latest updates" date="2025-09-18T07:34:46.518" >
            <step title="WebHooksManager.PublishEventAsync: PostDeployment" date="2025-09-18T07:34:46.536" /><!-- duration: 173ms -->
          </step><!-- duration: 209ms -->
          <step title="Cleaning up temporary deployment - fetch deployment was successful" date="2025-09-18T07:34:46.760" /><!-- duration: 27ms -->
        </step><!-- duration: 160394ms -->
      </step><!-- duration: 162641ms -->
