<step title="Incoming Request" date="2025-09-18T07:38:14.155" instance="dc7a13" url="/api/publish?async=true&amp;deployer=GITHUB_ONE_DEPLOY&amp;type=zip&amp;message=%7B%22type%22%3A%22deployment%22%2C%22sha%22%3A%225908ff530b10cc305939578049d4539c30b339f4%22%2C%22repoName%22%3A%22edward30n%2FdeplyApp%22%2C%22actor%22%3A%22edward30n%22%2C%22slotName%22%3A%22Production%22%2C%22commitMessage%22%3A%22%20Test%20backend%20CI%2FCD%20trigger%20-%20update%20test%20endpoint%22%7D" method="POST" type="request" pid="774,1,27" Host="recway-backend-central.scm.azurewebsites.net" User-Agent="GITHUBACTIONS_DeployWebAppToAzure_fcd269f74eb8e959f5b7782c68a12834dd7fe1608a4bbcfe561205684e96c626" Authorization="Bas..." Content-Type="application/octet-stream" Cookie="ARRAffinity=dc7a138dfcb63bce17254cc4321cf14c9178fc6ae4c339b927686049d314ddf6;Path=/;HttpOnly;Secure;Domain=recway-backend-central.scm.azurewebsites.net; ARRAffinitySameSite=dc7a138dfcb63bce17254cc4321cf14c9178fc6ae4c339b927686049d314ddf6;Path=/;HttpOnly;SameSite=None;Secure;Domain=recway-backend-central.scm.azurewebsites.net" Transfer-Encoding="chunked" X-ARR-LOG-ID="b9924b09-dea1-4601-91c8-3acce13426b8" CLIENT-IP="48.211.212.217:53249" X-SITE-DEPLOYMENT-ID="recway-backend-central" WAS-DEFAULT-HOSTNAME="recway-backend-central.scm.azurewebsites.net" X-Forwarded-Proto="https" X-AppService-Proto="https" X-Forwarded-TlsVersion="1.3" X-WAWS-Unencoded-URL="/api/publish?async=true&amp;deployer=GITHUB_ONE_DEPLOY&amp;type=zip&amp;message=%7B%22type%22%3A%22deployment%22%2C%22sha%22%3A%225908ff530b10cc305939578049d4539c30b339f4%22%2C%22repoName%22%3A%22edward30n%2FdeplyApp%22%2C%22actor%22%3A%22edward30n%22%2C%22slotName%22%3A%22Production%22%2C%22commitMessage%22%3A%22%20Test%20backend%20CI%2FCD%20trigger%20-%20update%20test%20endpoint%22%7D" X-Client-IP="48.211.212.217" X-Client-Port="53249" >
  <step title="Cleanup Xml Logs" date="2025-09-18T07:38:14.173" /><!-- duration: 34ms -->
  <step title="OneDeploy" date="2025-09-18T07:38:14.314" >
    <step title="Starting PushDeployAsync" date="2025-09-18T07:38:14.333" /><!-- duration: 5ms -->
    <step title="Writing artifact to /tmp/zipdeploy/4dc49ce4-c61d-4e72-bb25-364019baa7f2.zip" date="2025-09-18T07:38:14.357" >
      <step title="Writing multipart request body to /tmp/zipdeploy/4dc49ce4-c61d-4e72-bb25-364019baa7f2.zip" date="2025-09-18T07:38:14.365" /><!-- duration: 9ms -->
    </step><!-- duration: 8521ms -->
    <step title="Start deployment in the background" date="2025-09-18T07:38:22.908" >
      <step title="Acquiring Deployment Lock" date="2025-09-18T07:38:22.960" /><!-- duration: 57ms -->
      <step title="Acquired Deployment Lock" date="2025-09-18T07:38:23.064" /><!-- duration: 4ms -->
    </step><!-- duration: 321ms -->
  </step><!-- duration: 8929ms -->
  <step title="Outgoing response" date="2025-09-18T07:38:23.251" type="response" statusCode="202" statusText="Accepted" /><!-- duration: 4ms -->
</step><!-- duration: 9103ms -->
