<step title="Incoming Request" date="2025-09-18T07:31:25.855" instance="dc7a13" url="/api/publish?async=true&amp;deployer=GITHUB_ONE_DEPLOY&amp;type=zip&amp;message=%7B%22type%22%3A%22deployment%22%2C%22sha%22%3A%22b34a6bfc6cf20cd88d24c65ad360c5c3e6299add%22%2C%22repoName%22%3A%22edward30n%2FdeplyApp%22%2C%22actor%22%3A%22edward30n%22%2C%22slotName%22%3A%22Production%22%2C%22commitMessage%22%3A%22%20Add%20CI%2FCD%20backend%20automation%20and%20test%20endpoint%5Cn%5Cn-%20Add%20GitHub%20Actions%20workflow%20for%20Python%203.12%20backend%20deployment%5Cn-%20Update%20requirements.txt%20with%20complete%20geospatial%20dependencies%5Cn-%20Add%20test%20endpoint%20%2Fapi%2Fv1%2Ftest%20for%20deployment%20verification%5Cn-%20Update%20documentation%20with%20CI%2FCD%20setup%20instructions%22%7D" method="POST" type="request" pid="774,1,33" Host="recway-backend-central.scm.azurewebsites.net" User-Agent="GITHUBACTIONS_DeployWebAppToAzure_fcd269f74eb8e959f5b7782c68a12834dd7fe1608a4bbcfe561205684e96c626" Authorization="Bas..." Content-Type="application/octet-stream" Cookie="ARRAffinity=dc7a138dfcb63bce17254cc4321cf14c9178fc6ae4c339b927686049d314ddf6;Path=/;HttpOnly;Secure;Domain=recway-backend-central.scm.azurewebsites.net; ARRAffinitySameSite=dc7a138dfcb63bce17254cc4321cf14c9178fc6ae4c339b927686049d314ddf6;Path=/;HttpOnly;SameSite=None;Secure;Domain=recway-backend-central.scm.azurewebsites.net" Transfer-Encoding="chunked" X-ARR-LOG-ID="472e094a-d67f-443f-9754-bcc97055633a" CLIENT-IP="172.200.183.247:30721" X-SITE-DEPLOYMENT-ID="recway-backend-central" WAS-DEFAULT-HOSTNAME="recway-backend-central.scm.azurewebsites.net" X-Forwarded-Proto="https" X-AppService-Proto="https" X-Forwarded-TlsVersion="1.3" X-WAWS-Unencoded-URL="/api/publish?async=true&amp;deployer=GITHUB_ONE_DEPLOY&amp;type=zip&amp;message=%7B%22type%22%3A%22deployment%22%2C%22sha%22%3A%22b34a6bfc6cf20cd88d24c65ad360c5c3e6299add%22%2C%22repoName%22%3A%22edward30n%2FdeplyApp%22%2C%22actor%22%3A%22edward30n%22%2C%22slotName%22%3A%22Production%22%2C%22commitMessage%22%3A%22%20Add%20CI%2FCD%20backend%20automation%20and%20test%20endpoint%5Cn%5Cn-%20Add%20GitHub%20Actions%20workflow%20for%20Python%203.12%20backend%20deployment%5Cn-%20Update%20requirements.txt%20with%20complete%20geospatial%20dependencies%5Cn-%20Add%20test%20endpoint%20%2Fapi%2Fv1%2Ftest%20for%20deployment%20verification%5Cn-%20Update%20documentation%20with%20CI%2FCD%20setup%20instructions%22%7D" X-Client-IP="172.200.183.247" X-Client-Port="30721" >
  <step title="Cleanup Xml Logs" date="2025-09-18T07:31:25.875" /><!-- duration: 37ms -->
  <step title="OneDeploy" date="2025-09-18T07:31:26.123" >
    <step title="None repository commit" date="2025-09-18T07:31:26.165" >
      <step title="Commit id: 3e39fd93-088a-489e-b403-c906b31310ad" date="2025-09-18T07:31:26.176" Message="N/A" AuthorName="N/A" AuthorEmail="N/A" /><!-- duration: 3ms -->
    </step><!-- duration: 17ms -->
    <step title="Starting PushDeployAsync" date="2025-09-18T07:31:26.204" /><!-- duration: 11ms -->
    <step title="Writing artifact to /tmp/zipdeploy/716b6fa5-492e-47c0-8caf-c11d176ef4a4.zip" date="2025-09-18T07:31:26.460" >
      <step title="Writing multipart request body to /tmp/zipdeploy/716b6fa5-492e-47c0-8caf-c11d176ef4a4.zip" date="2025-09-18T07:31:26.481" /><!-- duration: 5ms -->
    </step><!-- duration: 15961ms -->
    <step title="Start deployment in the background" date="2025-09-18T07:31:42.548" >
      <step title="Acquiring Deployment Lock" date="2025-09-18T07:31:42.618" /><!-- duration: 21ms -->
      <step title="Acquired Deployment Lock" date="2025-09-18T07:31:42.747" /><!-- duration: 4ms -->
    </step><!-- duration: 362ms -->
  </step><!-- duration: 16827ms -->
  <step title="Outgoing response" date="2025-09-18T07:31:43.002" type="response" statusCode="202" statusText="Accepted" /><!-- duration: 20ms -->
</step><!-- duration: 17184ms -->
