<step title="BackgroundTrace" date="2025-09-18T07:38:22.919" instance="dc7a13" url="/api/publish" method="POST" >
  <step title="Cleanup Xml Logs" date="2025-09-18T07:38:22.926" /><!-- duration: 9ms -->
  <step title="Creating temporary deployment - FetchDeploymentManager" date="2025-09-18T07:38:23.071" /><!-- duration: 3ms -->
  <step title="Creating temporary deployment" date="2025-09-18T07:38:23.081" /><!-- duration: 144ms -->
  <step title="Performing fetch based deployment" date="2025-09-18T07:38:23.274" >
    <step title="Cleaning up temp folders from previous zip deployments and extracting pushed zip file /tmp/zipdeploy/4dc49ce4-c61d-4e72-bb25-364019baa7f2.zip (215.23 MB) to /tmp/zipdeploy/extracted" date="2025-09-18T07:38:24.482" >
      <step title="ChmodRecursive Process exited with total time taken in ms: 82" date="2025-09-18T07:38:37.612" /><!-- duration: 29ms -->
    </step><!-- duration: 13165ms -->
    <step title="Deployment timer started" date="2025-09-18T07:38:39.676" >
      <step title="DeploymentManager.Deploy(id:489a236f-92d2-4b4e-a585-279a5d47e77f)" date="2025-09-18T07:38:39.698" >
        <step title="Collecting changeset information" date="2025-09-18T07:38:39.825" /><!-- duration: 255ms -->
        <step title="Updating submodules" date="2025-09-18T07:38:40.106" /><!-- duration: 1230ms -->
        <step title="Determining deployment builder" date="2025-09-18T07:38:41.600" >
          <step title="Builder is OneDeployBuilder" date="2025-09-18T07:38:41.670" /><!-- duration: 31ms -->
        </step><!-- duration: 160ms -->
        <step title="PreDeployment: context.CleanOutputPath False" date="2025-09-18T07:38:41.931" >
          <step title="PreDeployment: context.OutputPath /home/site/wwwroot" date="2025-09-18T07:38:42.240" >
            <step title="Building" date="2025-09-18T07:38:42.471" >
              <step title="Executing external process" date="2025-09-18T07:38:43.767" type="process" path="starter.sh" arguments="/opt/Kudu/Scripts/parallel_rsync.sh /tmp/zipdeploy/extracted /home/site/wwwroot 8 /tmp/ False False  " >
                <step title="Cpu: rsync(1159,1.150s)+rsync(1153,0.000s)+rsync(1148,3.630s)+bash(1143,0.000s)+rsync(1166,1.100s)+rsync(1162,0.000s)+rsync(1158,3.930s)+bash(1146,0.020s)+rsync(1167,1.400s)+rsync(1164,0.000s)+rsync(1156,4.370s)+bash(1150,0.000s)+rsync(1168,1.090s)+rsync(1163,0.000s)+rsync(1157,3.390s)+bash(1152,0.000s)+xargs(1134,0.000s)+parallel_rsync.sh(1124,0.030s)=total(20.110s)" date="2025-09-18T07:39:56.525" /><!-- duration: 58ms -->
                <step title="starter.sh: no io activity for 60s, prev-cpu=-1.000s, current-cpu=20.110s" date="2025-09-18T07:39:56.622" /><!-- duration: 51ms -->
              </step><!-- duration: 117037ms -->
              <step title="Modified file to trigger a restart of the app container." date="2025-09-18T07:40:41.360" /><!-- duration: 5ms -->
              <step title="Skip function trigger and logicapp sync because function is not enabled." date="2025-09-18T07:40:41.373" /><!-- duration: 11ms -->
            </step><!-- duration: 119874ms -->
          </step><!-- duration: 120113ms -->
          <step title="Cleaning up temp files" date="2025-09-18T07:40:42.357" /><!-- duration: 4ms -->
          <step title="Cleaning up temp files" date="2025-09-18T07:40:42.370" /><!-- duration: 540ms -->
          <step title="Reloading status file with latest updates" date="2025-09-18T07:40:42.972" >
            <step title="WebHooksManager.PublishEventAsync: PostDeployment" date="2025-09-18T07:40:42.978" /><!-- duration: 74ms -->
          </step><!-- duration: 84ms -->
          <step title="Cleaning up temporary deployment - fetch deployment was successful" date="2025-09-18T07:40:43.064" /><!-- duration: 3ms -->
        </step><!-- duration: 121223ms -->
      </step><!-- duration: 123477ms -->
