<step title="BackgroundTrace" date="2025-09-18T07:51:11.111" instance="dc7a13" url="/api/publish" method="POST" >
  <step title="Cleanup Xml Logs" date="2025-09-18T07:51:11.121" /><!-- duration: 20ms -->
  <step title="Creating temporary deployment - FetchDeploymentManager" date="2025-09-18T07:51:11.434" /><!-- duration: 9ms -->
  <step title="Creating temporary deployment" date="2025-09-18T07:51:11.482" /><!-- duration: 462ms -->
  <step title="Performing fetch based deployment" date="2025-09-18T07:51:12.275" >
    <step title="Cleaning up temp folders from previous zip deployments and extracting pushed zip file /tmp/zipdeploy/d56f3aa8-daf4-418d-b342-8cf15ee2f463.zip (215.23 MB) to /tmp/zipdeploy/extracted" date="2025-09-18T07:51:13.873" >
      <step title="ChmodRecursive Process exited with total time taken in ms: 262" date="2025-09-18T07:51:47.772" /><!-- duration: 11ms -->
    </step><!-- duration: 33936ms -->
    <step title="Deployment timer started" date="2025-09-18T07:51:49.865" >
      <step title="DeploymentManager.Deploy(id:7907d4d7-9d0a-4cc3-92fe-86e626a25d67)" date="2025-09-18T07:51:49.893" >
        <step title="Collecting changeset information" date="2025-09-18T07:51:49.964" /><!-- duration: 556ms -->
        <step title="Updating submodules" date="2025-09-18T07:51:50.526" /><!-- duration: 1200ms -->
        <step title="Determining deployment builder" date="2025-09-18T07:51:52.618" >
          <step title="Builder is OneDeployBuilder" date="2025-09-18T07:51:52.689" /><!-- duration: 12ms -->
        </step><!-- duration: 100ms -->
        <step title="PreDeployment: context.CleanOutputPath False" date="2025-09-18T07:51:52.819" >
          <step title="PreDeployment: context.OutputPath /home/site/wwwroot" date="2025-09-18T07:51:52.999" >
            <step title="Building" date="2025-09-18T07:51:53.200" >
              <step title="Executing external process" date="2025-09-18T07:51:54.076" type="process" path="starter.sh" arguments="/opt/Kudu/Scripts/parallel_rsync.sh /tmp/zipdeploy/extracted /home/site/wwwroot 8 /tmp/ False False  " >
                <step title="Cpu: rsync(891,0.410s)+rsync(882,0.010s)+rsync(869,1.240s)+bash(865,0.000s)+rsync(887,0.530s)+rsync(877,0.000s)+rsync(875,1.570s)+bash(867,0.020s)+rsync(892,0.450s)+rsync(878,0.000s)+rsync(873,1.540s)+bash(868,0.000s)+rsync(890,0.440s)+rsync(881,0.010s)+rsync(874,1.550s)+bash(870,0.000s)+rsync(886,0.590s)+rsync(884,0.000s)+rsync(876,1.730s)+bash(872,0.010s)+xargs(860,0.010s)+parallel_rsync.sh(848,0.020s)=total(10.110s)" date="2025-09-18T07:53:12.045" /><!-- duration: 254ms -->
                <step title="starter.sh: no io activity for 60s, prev-cpu=-1.000s, current-cpu=10.110s" date="2025-09-18T07:53:12.379" /><!-- duration: 119ms -->
                <step title="Cpu: rsync(891,0.900s)+rsync(882,0.010s)+rsync(869,2.800s)+bash(865,0.000s)+rsync(887,1.040s)+rsync(877,0.000s)+rsync(875,3.250s)+bash(867,0.020s)+rsync(892,0.900s)+rsync(878,0.000s)+rsync(873,3.000s)+bash(868,0.000s)+rsync(890,0.980s)+rsync(881,0.010s)+rsync(874,3.250s)+bash(870,0.000s)+rsync(886,0.970s)+rsync(884,0.000s)+rsync(876,3.150s)+bash(872,0.010s)+xargs(860,0.010s)+parallel_rsync.sh(848,0.020s)=total(20.320s)" date="2025-09-18T07:54:13.147" /><!-- duration: 21ms -->
                <step title="starter.sh: no io activity for 123s, prev-cpu=10.110s, current-cpu=20.320s" date="2025-09-18T07:54:13.198" /><!-- duration: 47ms -->
              </step><!-- duration: 201143ms -->
              <step title="Modified file to trigger a restart of the app container." date="2025-09-18T07:55:16.988" /><!-- duration: 20ms -->
              <step title="Skip function trigger and logicapp sync because function is not enabled." date="2025-09-18T07:55:17.048" /><!-- duration: 19ms -->
            </step><!-- duration: 205336ms -->
          </step><!-- duration: 205558ms -->
          <step title="Cleaning up temp files" date="2025-09-18T07:55:18.564" /><!-- duration: 180ms -->
          <step title="Cleaning up temp files" date="2025-09-18T07:55:18.749" /><!-- duration: 589ms -->
          <step title="Reloading status file with latest updates" date="2025-09-18T07:55:19.408" >
            <step title="WebHooksManager.PublishEventAsync: PostDeployment" date="2025-09-18T07:55:19.439" /><!-- duration: 256ms -->
          </step><!-- duration: 301ms -->
          <step title="Cleaning up temporary deployment - fetch deployment was successful" date="2025-09-18T07:55:19.735" /><!-- duration: 3ms -->
        </step><!-- duration: 206991ms -->
      </step><!-- duration: 209969ms -->
