<step title="Incoming Request" date="2025-09-18T07:50:50.798" instance="dc7a13" url="/api/publish?async=true&amp;deployer=GITHUB_ONE_DEPLOY&amp;type=zip&amp;message=%7B%22type%22%3A%22deployment%22%2C%22sha%22%3A%221fb4e5219b82a18074976a7dea19dbd68feaff01%22%2C%22repoName%22%3A%22edward30n%2FdeplyApp%22%2C%22actor%22%3A%22edward30n%22%2C%22slotName%22%3A%22Production%22%2C%22commitMessage%22%3A%22%20Add%20gunicorn%20for%20Azure%20App%20Service%20compatibility%22%7D" method="POST" type="request" pid="776,1,17" Host="recway-backend-central.scm.azurewebsites.net" User-Agent="GITHUBACTIONS_DeployWebAppToAzure_fcd269f74eb8e959f5b7782c68a12834dd7fe1608a4bbcfe561205684e96c626" Authorization="Bas..." Content-Type="application/octet-stream" Cookie="ARRAffinity=dc7a138dfcb63bce17254cc4321cf14c9178fc6ae4c339b927686049d314ddf6;Path=/;HttpOnly;Secure;Domain=recway-backend-central.scm.azurewebsites.net; ARRAffinitySameSite=dc7a138dfcb63bce17254cc4321cf14c9178fc6ae4c339b927686049d314ddf6;Path=/;HttpOnly;SameSite=None;Secure;Domain=recway-backend-central.scm.azurewebsites.net" Transfer-Encoding="chunked" X-ARR-LOG-ID="0401ea66-4f99-46af-aa4d-ba4c305247c2" CLIENT-IP="172.182.224.163:12313" X-SITE-DEPLOYMENT-ID="recway-backend-central" WAS-DEFAULT-HOSTNAME="recway-backend-central.scm.azurewebsites.net" X-Forwarded-Proto="https" X-AppService-Proto="https" X-Forwarded-TlsVersion="1.3" X-WAWS-Unencoded-URL="/api/publish?async=true&amp;deployer=GITHUB_ONE_DEPLOY&amp;type=zip&amp;message=%7B%22type%22%3A%22deployment%22%2C%22sha%22%3A%221fb4e5219b82a18074976a7dea19dbd68feaff01%22%2C%22repoName%22%3A%22edward30n%2FdeplyApp%22%2C%22actor%22%3A%22edward30n%22%2C%22slotName%22%3A%22Production%22%2C%22commitMessage%22%3A%22%20Add%20gunicorn%20for%20Azure%20App%20Service%20compatibility%22%7D" X-Client-IP="172.182.224.163" X-Client-Port="12313" >
  <step title="Cleanup Xml Logs" date="2025-09-18T07:50:50.867" /><!-- duration: 72ms -->
  <step title="OneDeploy" date="2025-09-18T07:50:51.360" >
    <step title="None repository commit" date="2025-09-18T07:50:51.450" >
      <step title="Commit id: 7907d4d7-9d0a-4cc3-92fe-86e626a25d67" date="2025-09-18T07:50:51.482" Message="N/A" AuthorName="N/A" AuthorEmail="N/A" /><!-- duration: 27ms -->
    </step><!-- duration: 70ms -->
    <step title="Starting PushDeployAsync" date="2025-09-18T07:50:51.542" /><!-- duration: 9ms -->
    <step title="Writing artifact to /tmp/zipdeploy/d56f3aa8-daf4-418d-b342-8cf15ee2f463.zip" date="2025-09-18T07:50:51.633" >
      <step title="Writing multipart request body to /tmp/zipdeploy/d56f3aa8-daf4-418d-b342-8cf15ee2f463.zip" date="2025-09-18T07:50:51.643" /><!-- duration: 9ms -->
    </step><!-- duration: 19338ms -->
    <step title="Start deployment in the background" date="2025-09-18T07:51:11.041" >
      <step title="Acquiring Deployment Lock" date="2025-09-18T07:51:11.257" /><!-- duration: 5ms -->
      <step title="Acquired Deployment Lock" date="2025-09-18T07:51:11.414" /><!-- duration: 10ms -->
    </step><!-- duration: 923ms -->
  </step><!-- duration: 20655ms -->
  <step title="Outgoing response" date="2025-09-18T07:51:12.085" type="response" statusCode="202" statusText="Accepted" /><!-- duration: 49ms -->
</step><!-- duration: 21347ms -->
